Epitope,Label
VVGADGVGK,1
VVGACGVGK,1
KLVVVGAVGV,1
VVGAAGVGK,1
VVGAVGVGK,1
KLVVVGADGV,1
GVYPMPGTQK,1
HMTEVVRHC,1
SLFEGIDIYT,1
SYLDSGIHF,1
KINKNPKYKK,1
ACDPHSGHFV,1
FIASNGVKLV,1
RFLEYLPLRF,1
KLKFVTLVF,1
VTEKLQPTY,1
LLDIVAPK,1
EVLPFFLFF,1
QTNPVTLQY,1
RVCGPCSTY,1
TLYSLTLLY,1
IMQTLAGELY,1
FFYLLDFTF,1
FLIYLDVSV,1
TLWCSPIKV,1
RLFPGLTIKI,1
SVKSCKHTEK,1
AFGSAHLFR,1
VIAFGSAHLFR,1
FLDEFMEGV,1
RLLQCTQQAV,1
LLQCTQQAV,1
ILCETCLIV,1
MLFSHGLVK,1
EMLFSHGLVK,1
LLLDDLLVSI,1
FMPDFDLHL,1
ALIHHNTYL,1
PSDTRQMLFY,1
ILTGLNYEV,1
ALYGFVPVL,1
VLENFTIFLV,1
SVLENFTIFL,1
VLLGVKLFGV,1
GLLDEDFYA,1
WLIRETQPITK,1
RTKVVQTLW,1
LTDDRLFTCY,1
CILGKLFTK,1
CILGKLFTKK,1
SLADEAEVYL,1
KTLTSVFQK,1
KTLTSVFQKK,1
YTDFHCQYVK,1
YTDFHCQYV,1
GLFGDIYLA,1
GLFGDIYLAI,1
ILNAMIAKI,1
LSSVSFFLV,1
ASNASSAAK,1
FLLDEAIGL,1
SSYTGFANK,1
HSCVMASLR,1
FLSDHLYLV,1
HIAKSLFEV,1
VQIISCQY,1
KVDPIGHVY,1
ALSPVIPHI,1
LLFGMPPCL,1
KLSHQLVLL,1
KLYGLDWAEL,1
KLFEFLVYGV,1
ILAALFLGL,1
ALLETPSLLL,1
NLNCCSVPV,1
LIIPFIHLI,1
QQFAVGSYV,1
AVGSYVYSV,1
ALDPHSGHFV,1
ETVSEQSNV,1
KIFSEVTLK,1
KILDAVVAQK,1
TLDWLLQTPK,1
KLYEEPLLK,1
VVPCEPPEV,1
AQQITKTEV,1
QQITKTEV,1
AEPINIQTW,1
VRTLLSQVNK,1
KLKFVTLVF,1
DMKARQKALV,1
LPNEYAFVTT,1
LPNEYAFVT,1
FPKKIQMLA,1
YPVIFKSIM,1
LRAAFFGKCF,1
WRNILLLSLH,1
FAFQEYDSF,1
SPMIVGSPW,1
AEHSLQVAY,1
TEDEHFEFY,1
TESPFEQHI,1
ELLVRINRL,1
EHEGSGPEL,1
SEHEGSGPEL,1
RVSTLRVSL,1
GQFLTPNSH,1
HQNPVTGLLL,1
RHDLPPYRVYL,1
GEEDGAGGHSL,1
VESEDIAEL,1
IPIDGIFFTY,1
HDLGRLHSC,1
AGQHIAKSLF,1
KPFCVLISL,1
RPHHDQRSL,1
KPSDTPRPVM,1
VQIISCQY,1
APARLERRHSA,1
YHSIEWAI,1
CVRVSGQGL,1
RPHVPESAF,1
SELFRSGLDSY,1
DANSFLQSV,1
MPYGYVLNEF,1
SEKLRHMLL,1
RMQYSMECF,1
TRSSGSHFVF,1
STPSASPLSV,1
SASPLSVV,1
ISANAVEQIV,1
GADGVGKSAL,1
SYMIMEIEL,1
FVVPYMIYLL,1
CYMEAVAL,1
GADGVGKSA,1
FRSGLDSYV,1
TYDTVHRHL,1
YSMECFQFM,1
EAIIYLYS,0
TKWQPRGQ,0
QGQKRTPRR,0
LAPSARAQLVRD,0
VVWVGKIANIET,0
AWVKVIEE,0
LIGDLGSAFFE,0
DKKLYLSDIATVE,0
CYCPAGFLG,0
SRLTSLLQS,0
PMGKKCVI,0
KKLEKYLQ,0
SVFTTPAEDNGQY,0
DRVKSRSA,0
PRGIYASE,0
YFYQEAAP,0
WGIHTGAAW,0
APIMAKAPQGMG,0
VSQMLSFATALR,0
RHKEKYREQ,0
MEKVGKAPKDRLCR,0
QQQYQPMVQGMLE,0
SKRYAIIGA,0
LEETSNGGRMLHES,0
ESVPKATE,0
FIKVALNLTN,0
QAQCRAARS,0
TSDMIAEVGTAF,0
DPKTALNYSKKG,0
RESSVPGAGLGVW,0
GHQLSITCVVI,0
EPTSSLTLGVRKT,0
ATGGVLVFLATN,0
TQLSAEIDL,0
IGQLIGNA,0
KLAGKNKGFSL,0
DIITFAFSTGGC,0
TKPGSGHLFYIP,0
APEVSSSS,0
AFRTKEAADLISD,0
EESLLATENV,0
GANYPARSG,0
CRLSSFRS,0
NIQLRRSR,0
ETKQRLQQVFQ,0
GDLLNGTILI,0
QAAKVDLKPPNNA,0
RKESPKDEAGEGT,0
LTSAQISDTGKY,0
AVRRLAEAERR,0
PAPGPAPETIELT,0
KFSTELDQFPLG,0
DSVLNDFVMMHC,0
RSLPIFRARGQL,0
RAEDYTGDE,0
VTTNDCILSSAVAL,0
ALTLTGMI,0
SAQRRKSNMS,0
EREARNDQVKP,0
MAVLEIQANGD,0
TMDEIQKAVKEA,0
IYFDQLKET,0
PERASGAEDSGR,0
PLKTLFTAAK,0
PYRRKSRPDED,0
GAMGEAGGAEDPG,0
TVPCGGTAPLIIT,0
DSGDVLSNVGAYWF,0
QDLEEEEVADLSV,0
PEMLESLR,0
ANRLIKSYVNSR,0
FQGAGSPQETSVG,0
SASATGNVCIDEL,0
DGNIVINVRNQN,0
KGIVFSQPLQISS,0
NLADVLLSENATG,0
PANPDESPVA,0
TQIPFPQPLQIASD,0
DFSVITLAYIGEAI,0
RPVCRHFA,0
GLWGVAIML,0
LLFETPHYVAN,0
SSTLALDQKVKQ,0
KFRVNESAVQ,0
IIGYNCLKVPLV,0
VFAKSGNH,0
VMGTPGEEEPSR,0
NLKTLIDPVSVR,0
NALFDVQIKRI,0
PARIPENRMRSTR,0
THDSEPKN,0
GILYTADRKW,0
RRGSSYSKHDSSA,0
TFSYGPDGNGF,0
FLENIKGIKNSFEQ,0
ANEINEAM,0
WAKQKQTSDLCF,0
YVIHAFKD,0
KFNAEVAVNLNV,0
KDATSDPE,0
QSFRPFFTK,0
DTDTVLDCAC,0
CTQDEAAASLDS,0
ENGKYINPFYTKES,0
SALRALLASDDLEV,0
PTGRQCGASLE,0
VDTPKEET,0
FSTRPTQAPKGKA,0
TTTLRRKQEDIAAL,0
PAERNVLVFDLGAG,0
TAFGLVHT,0
LGDLDRVR,0
QETRDLQQSFL,0
KPEEGVEV,0
RRPRTWGLEIVA,0
AETDNLDH,0
LLQENNEEL,0
AGSEPMSERPAATR,0
GTYRTSTDLVN,0
MEIQLNHANRQ,0
MKRDRLGRFLSP,0
ETSAILENNLVPLP,0
AVSAAHTFF,0
PLCLVNRYSQKL,0
DSEMEDMDSA,0
LSVQSSEQ,0
MSIPFMLAGLMA,0
RDRHNKIGQRIR,0
EPGASMKTTFTI,0
GPTPRTYRLTEIM,0
DATTGELSVAQELA,0
PSQTGMLKST,0
KCDCSSGLEPGS,0
QYLSDTMGYLLGCL,0
FEEQPINTI,0
PSQFVNGNLFVFP,0
TRGAGLLESELRDG,0
LPGGAMTSCS,0
KPRVEYVTVT,0
